id,nome,cpf,data_nasc,conta,compro_em,compro_facul,cnh,mba
1,Sheilakathryn Matokhnin,257.991.097-81,26/09/1971,96750-54,false,false,false,false
2,Chickie Fridlington,591.775.376-48,07/02/2003,64125-94,true,true,true,true
3,Coletta Jannings,095.713.563-07,14/09/1976,35928-89,true,false,true,true
4,Mignonne Lukash,657.313.928-45,03/12/1958,52451-66,true,false,false,true
5,Micky Sygroves,342.186.004-59,14/07/1981,42872-08,true,false,true,false
6,Christabel Whitelock,134.671.356-92,27/12/1996,35788-85,true,true,false,false
7,Trude Bridge,565.488.293-73,15/05/1986,79188-70,true,false,true,false
8,Ede Trudgian,290.749.984-80,03/06/1956,94015-47,true,true,false,true
9,Jocko Duling,700.491.740-73,20/07/1951,05865-29,true,true,true,false
10,Celestyn Leighfield,913.481.714-32,08/09/1989,44181-04,false,false,true,false
11,Wylie Burberow,779.827.319-26,13/04/1971,93968-57,false,false,true,true
12,Katuscha Shovlar,669.985.780-21,05/12/1979,78527-96,true,false,false,true
13,Dorene Hanselman,940.333.882-18,18/05/1953,81471-59,false,true,false,true
14,Margarette Merrien,343.126.886-04,12/04/1968,89027-39,true,false,false,false
15,Benedetto Elintune,104.758.981-62,25/06/1997,69430-83,true,true,true,false
16,Ritchie Kohler,697.962.569-05,28/11/1985,97790-65,true,true,true,true
17,Genni Dunleavy,184.333.082-11,22/07/1967,07987-23,true,true,false,false
18,Barbette Craighill,134.222.493-57,01/05/1961,85637-40,false,false,true,true
19,Paddie Lattimer,542.470.228-40,21/06/1998,48647-23,true,true,true,true
20,Ada Jenkerson,895.705.460-39,07/09/1954,35722-23,false,true,true,true
21,Lucilia Fearnall,443.347.070-01,13/11/1971,26841-78,true,false,true,true
22,Gerek Gouldthorp,284.966.329-14,25/08/1963,58506-08,true,false,false,false
23,Lind Pauley,902.147.688-56,05/08/1968,00654-21,false,true,false,false
24,Rhianna Featherstonhaugh,329.563.252-99,13/05/1958,68574-23,true,true,false,false
25,Yale Orcott,261.928.199-68,24/06/1988,78963-64,true,true,true,true
26,Nolie Meeke,610.271.559-52,20/11/1957,23324-63,true,true,true,true
27,Karin Wasbey,426.527.204-18,27/05/1980,26360-27,false,false,true,false
28,Deb Bisacre,413.367.239-68,25/12/1957,99486-85,true,true,true,true
29,Jeffie Lease,522.933.016-50,24/06/1969,18264-74,true,false,false,true
30,Nero Moryson,402.227.057-60,05/09/1953,54344-13,true,false,false,false
31,Fania Mattessen,051.659.661-25,15/10/1999,31121-53,false,true,false,true
32,Whitman Laxe,077.956.257-15,01/06/1964,02581-40,false,false,false,false
33,Prue Pountney,952.408.082-71,12/12/1969,37902-42,false,true,false,false
34,Rip Doblin,900.667.511-52,31/01/1965,02567-78,false,true,false,true
35,Marya Clapston,420.010.246-98,22/11/1963,82982-05,false,true,false,false
36,Thornton Brodie,116.135.453-99,26/11/1956,93883-18,true,true,false,false
37,Mead Blackaller,315.743.714-10,30/07/1957,55029-25,false,true,false,true
38,Rhoda Bills,458.758.252-96,10/03/1952,89981-45,false,false,true,true
39,Ina McCallam,188.457.170-00,21/09/1997,26988-68,true,true,false,true
40,Catherina O'Cahill,685.989.169-89,28/05/1994,96688-05,true,false,true,true
41,Raymund Stoneley,310.758.183-58,29/06/1985,04606-58,false,true,false,true
42,Germain Welberry,872.474.366-26,12/06/1975,77472-76,true,true,true,false
43,Glennis MacClay,849.726.568-37,08/07/1962,82227-18,true,false,false,false
44,Weider Pellington,523.017.540-57,20/08/1964,91382-57,false,true,false,false
45,Nanni Tilbrook,803.497.544-42,05/08/1965,12795-36,true,false,true,true
46,Matty Hayers,824.104.872-13,16/02/1990,47154-03,true,true,false,true
47,Lorelei Hawney,120.569.763-48,31/08/1992,32995-54,true,true,false,false
48,Avram Bruckman,648.837.983-60,12/03/1953,67162-36,true,true,false,false
49,Elihu Cloney,681.342.137-85,26/07/2000,00318-34,true,false,true,true
50,Crista Rushford,175.484.007-26,06/09/1990,78531-63,true,true,false,false
51,Stephani Syres,481.566.835-69,10/10/1984,81028-03,false,false,true,false
52,Leese Skippings,658.469.113-97,01/01/1969,54047-26,true,false,true,true
53,Fabian Jeeks,050.856.001-21,02/09/1987,35312-75,false,true,false,true
54,Gertie Saunt,830.115.743-69,18/06/1973,30576-97,false,false,true,true
55,Leila McMeeking,937.188.415-28,25/12/1969,68060-00,true,true,false,true
56,Gaspard Yacobsohn,254.853.112-07,16/07/1987,12495-87,false,true,true,true
57,Hermie L'Homme,206.694.666-74,17/01/1966,38084-52,false,true,true,false
58,Jeri Danilenko,303.774.343-59,24/06/1975,83189-56,true,false,false,true
59,Beryle Balleine,477.796.409-74,06/06/1951,07323-72,true,false,true,false
60,Andy Bruster,577.889.058-86,15/03/1964,80487-94,true,true,true,true
61,Nappy Shortcliffe,847.596.980-63,19/02/1967,67542-68,false,true,false,false
62,Maisey Albutt,502.715.807-84,27/05/1971,75493-99,false,true,false,false
63,Turner Farrand,978.581.187-89,01/08/1999,57911-64,true,false,false,false
64,Jeana Crumby,637.733.729-26,23/11/2000,51978-70,false,false,true,true
65,Perla Cuerda,166.080.753-36,31/01/1982,07282-32,true,true,false,false
66,Merry Grimsdike,577.243.299-14,20/11/1977,98732-71,true,false,true,false
67,Shelbi Hutson,134.031.028-81,05/08/1952,64920-51,true,true,false,false
68,Rudolph Spedding,955.976.833-12,12/07/1994,56911-06,true,false,true,false
69,Candace McNab,060.574.341-01,16/12/1980,04379-12,false,true,false,false
70,Paula Jermy,697.571.819-58,23/09/1993,85355-00,false,true,false,true
71,Tara Balmadier,215.421.977-52,27/09/1994,61444-83,false,true,true,true
72,Axel Isacsson,136.495.429-10,13/06/1970,32407-29,true,true,true,false
73,Alisha Gumley,563.566.911-32,04/10/2002,95052-00,false,false,true,false
74,Garry Bilbery,676.076.906-53,09/04/1996,80063-55,true,true,true,false
75,Lilllie Packwood,110.730.609-97,04/03/1961,06238-07,true,true,false,true
76,Elicia Coulling,679.870.733-49,12/02/1995,93963-25,true,false,false,false
77,Adam Thewlis,964.674.060-98,20/03/1971,84425-13,true,false,false,false
78,Theadora Klimt,665.051.499-24,19/10/1994,62822-41,true,false,false,false
79,Karlan Anker,454.901.516-45,31/07/1965,58684-93,false,false,true,false
80,Currey O'Hederscoll,897.984.041-89,17/03/1982,78566-29,true,true,false,false
81,Jonathon Fache,443.428.165-74,30/10/2003,32799-23,false,true,true,true
82,Vince Oxshott,463.142.568-32,10/08/1985,12909-10,true,false,false,false
83,Geri Cline,244.661.162-49,24/12/1969,22025-04,false,true,false,false
84,Fabien Coulson,274.247.565-25,21/03/2003,88205-04,true,true,false,true
85,Perl Leasor,485.644.547-95,10/08/1972,98125-98,false,false,false,true
86,Burtie Commin,986.447.248-23,29/04/1980,10382-95,true,false,false,false
87,Nerty Dunley,106.410.218-57,13/02/1966,70406-74,false,false,true,true
88,Wandis Neeson,318.933.389-51,27/08/2002,14043-64,false,false,false,false
89,Ferdy Bestar,769.505.792-36,04/11/1997,42102-34,true,true,false,false
90,Emmalee Tuite,602.273.341-59,03/07/1996,95066-96,true,false,true,false
91,Penny Schrei,702.047.226-17,21/11/1974,25544-68,true,false,false,true
92,Shanon Klisch,809.510.518-10,04/07/1977,06330-99,false,true,true,true
93,Balduin Clench,474.138.676-83,06/09/1967,57356-31,false,false,true,false
94,Gnni Axleby,851.459.065-08,07/01/1955,54633-08,false,true,false,true
95,Giff Tingcomb,477.008.963-87,29/06/1980,30802-60,true,true,true,false
96,Vic Joust,901.797.217-35,22/02/1994,46533-86,false,true,true,false
97,Nalani Tague,126.950.431-32,30/04/1959,91045-36,false,false,true,true
98,Wainwright Tall,651.071.925-32,23/12/2000,44458-14,false,false,false,true
99,Carlen Morgan,711.533.984-32,16/01/1993,39490-67,false,true,false,true
100,Damiano Tryhorn,364.025.359-71,03/11/2003,49176-17,false,false,true,false
101,Shepherd Bath,331.780.114-59,19/05/1971,10743-48,false,true,true,true
102,Zora Vaz,101.791.767-86,18/01/1972,69854-28,false,true,false,false
103,Yvette Iddiens,767.910.357-49,09/08/1957,52128-03,true,true,true,false
104,Larisa Hatherill,060.258.582-83,20/05/1956,58128-53,false,true,false,true
105,Braden Alennikov,708.086.061-43,26/11/1994,81876-88,true,false,true,true
106,Max Buckney,022.590.687-58,23/05/1969,66206-25,false,true,false,true
107,Hewitt Lodovichi,287.525.793-58,01/07/1986,49629-36,false,true,true,true
108,Missy Gyrgorwicx,688.512.179-86,26/04/1964,66569-91,true,false,true,true
109,Korrie Aglione,855.173.834-56,08/11/1986,88970-84,false,true,true,true
110,Jennie Jonah,643.882.081-92,22/10/1977,53382-63,false,false,false,true
111,Alyson Maureen,449.419.745-74,29/06/2002,03093-14,false,true,true,false
112,Roxana Winckworth,647.594.461-16,04/03/1989,83372-26,true,true,true,true
113,Wynn Lambard,554.864.115-40,13/04/1991,79402-11,true,false,true,true
114,Crista Dimmack,280.989.804-41,28/02/1991,03173-10,false,true,true,false
115,Alexi Winsiowiecki,809.538.671-91,04/10/1965,68342-03,false,false,true,true
116,Bellina Timblett,481.753.122-90,26/04/1963,97649-34,false,true,false,true
117,Alleyn Simms,822.798.109-32,28/06/2001,91571-31,true,false,true,false
118,Tedmund Aliberti,003.285.385-64,16/12/1971,36969-41,true,true,false,false
119,Pacorro Riggeard,520.445.371-83,12/09/1986,59289-07,true,false,false,false
120,Rosalinda Karadzas,359.426.713-61,16/04/1981,06157-26,false,true,true,false
121,Randie Hargroves,392.147.826-19,01/09/2001,27734-72,false,false,false,false
122,Fred Klambt,976.842.809-83,17/03/1972,17766-69,true,true,true,true
123,Lela Frisch,454.606.788-44,04/12/1954,70966-70,true,false,false,false
124,Abelard Oliver-Paull,085.226.449-44,01/09/1954,24631-30,true,false,true,false
125,Eugine Schukraft,900.921.695-96,06/09/1993,61370-70,false,true,false,true
126,Sheena Jansky,906.061.542-83,04/12/1962,58892-12,true,true,true,false
127,Hunt Boddie,581.832.744-08,11/10/1999,56608-79,true,true,false,true
128,Travis Zarb,915.226.958-01,10/04/1988,99608-96,false,false,true,false
129,Kimberli Blandamere,757.731.083-65,09/05/1968,81089-46,true,false,true,false
130,Binni Banker,655.837.862-25,25/07/1960,85975-07,false,true,true,false
131,Larissa Armitage,886.788.191-36,02/05/1999,98168-86,false,false,true,false
132,Ludovika Huthart,339.310.581-40,28/12/1979,36960-07,false,false,false,true
133,West Candlish,768.914.054-65,20/11/1978,09472-42,true,true,false,false
134,Oliy Relfe,727.217.831-61,09/10/1956,31335-54,false,false,true,true
135,Alvina Szabo,780.505.371-49,24/10/1986,16893-24,true,false,false,true
136,Vinny McAviy,492.904.189-16,14/01/1990,77992-54,true,true,true,false
137,Bo Jeannequin,423.096.554-67,25/10/2000,97132-46,false,true,true,false
138,Meryl Lugden,570.077.717-80,31/08/1987,27356-30,false,false,true,true
139,Ralf Genney,746.442.698-55,08/10/1972,15988-67,false,true,true,true
140,Carroll Bewsy,641.129.479-01,11/02/1981,29244-22,false,true,false,true
141,Spense Droogan,448.871.530-88,29/06/1991,84014-77,false,false,true,true
142,Antoinette Maytum,683.090.003-61,25/08/1962,45950-10,true,true,false,false
143,Donnie Jannasch,179.529.935-67,07/03/1982,85809-69,false,true,true,false
144,Jo-ann Franceschi,491.416.463-83,27/03/1990,83874-41,true,true,false,false
145,Kelly Felce,693.012.685-21,11/03/1973,66846-07,false,true,true,true
146,Shelly Ciciura,449.839.421-41,01/05/1951,02604-23,false,true,false,false
147,Rivkah Cockshoot,976.787.770-91,02/08/1983,01807-60,true,false,false,true
148,Irwinn Janton,655.602.117-95,19/07/1966,92227-43,true,false,false,true
149,Shawnee Surmon,014.155.762-01,15/03/1969,50579-58,false,true,false,true
150,Susette Rabl,148.753.050-02,19/03/1958,45130-61,false,false,false,false
151,Constantino Guidini,607.474.186-02,15/01/1980,37649-51,false,true,true,false
152,Darlene Hatherill,443.887.031-87,09/02/1992,17937-85,false,true,false,false
153,Noel Scamwell,662.442.874-57,13/01/1971,08222-69,true,false,true,false
154,Timmy Pavier,486.503.667-02,02/05/1981,59666-24,true,false,true,true
155,Jorge Lasslett,929.884.182-90,15/02/1966,65269-71,false,true,false,true
156,Prudy Worgen,034.508.752-08,04/09/1972,68240-93,false,true,true,true
157,Carlo Gippes,187.865.144-81,26/12/1974,93017-71,true,true,true,true
158,Salomone Keogh,229.533.516-56,29/08/1978,53887-92,true,true,true,false
159,Lucinda Whitta,083.849.125-76,25/11/1953,60666-85,true,false,false,true
160,Kennith Pioli,615.526.250-58,07/08/1972,16530-16,true,false,false,true
161,Nelie Tapping,951.743.244-64,28/06/1989,93357-10,true,false,true,false
162,Alfredo Hemeret,659.499.829-57,04/02/1957,65627-14,true,false,false,false
163,Livvy Chaves,538.036.194-63,19/05/2003,13500-69,true,true,true,false
164,Maura Foskett,284.386.357-81,03/07/1970,61035-01,false,false,false,false
165,Barbey Grenshiels,410.837.820-74,01/12/1960,46942-22,true,false,false,true
166,Lukas de Merida,149.885.047-31,07/06/1954,15757-58,false,false,false,false
167,Felice Skerrett,205.220.940-21,05/04/2001,89191-74,false,true,false,true
168,Vergil Tarbard,760.303.108-09,31/08/1992,39041-45,true,true,false,false
169,Ellene Mowson,552.329.939-07,25/08/1959,65248-28,true,false,false,true
170,Margot Borrill,264.368.339-14,25/11/1962,64192-21,false,false,true,true
171,Stormi Giacomasso,666.857.668-33,05/07/1961,40114-55,false,true,false,false
172,Terri Crusham,897.609.691-46,05/03/1968,60920-32,true,true,true,false
173,Theodora Soppeth,602.453.837-03,25/12/2001,11817-22,true,true,true,true
174,Tore Pervoe,035.753.248-37,10/01/1960,16198-92,true,true,false,true
175,Natividad Cordeix,426.128.972-17,06/03/1988,03096-62,true,true,false,true
176,Hilary Pottage,696.179.035-38,27/08/1995,31940-47,true,true,true,false
177,Berkeley Crook,515.101.824-64,31/08/2001,32270-68,false,true,false,true
178,Rodolph Nussey,911.361.556-28,15/11/1961,67723-50,false,true,true,true
179,Cecile Collis,489.280.225-23,16/07/1972,90274-38,false,true,true,true
180,Reinald Dacombe,474.481.752-01,19/01/1968,97769-66,true,true,false,false
181,Orelee Budden,369.917.865-04,22/02/1984,00191-55,false,true,true,true
182,Georgeta Wager,467.539.094-64,20/05/1971,93948-86,true,true,true,true
183,Annelise Menaul,898.916.174-18,24/08/1999,26394-61,false,false,true,true
184,Joy Barsby,765.316.775-96,27/04/1955,96889-39,false,true,false,true
185,Mikey O'Hannay,384.544.718-56,26/02/2001,69479-69,true,false,true,false
186,Rad Hindmore,870.317.761-22,31/03/1972,64937-34,true,false,false,false
187,Gallard Keelinge,328.882.152-49,23/09/1967,61995-28,true,true,true,true
188,Barbette Strafford,292.713.805-13,30/11/1971,55593-77,false,true,false,false
189,Edie Wille,346.384.334-67,20/03/1979,47786-97,true,true,false,true
190,Crosby Cavanagh,832.048.500-07,07/07/1987,40606-79,false,true,false,false
191,Chip Rickerd,635.995.515-31,28/08/1962,46287-85,true,true,false,false
192,Donalt Smithyman,993.859.539-26,16/05/1955,27560-03,true,false,false,false
193,Glynnis Arkle,108.084.957-96,14/03/1960,72102-75,false,true,false,true
194,Ingar Ebbins,752.056.083-18,20/11/2000,84852-83,false,true,false,false
195,Parker Matheson,888.565.017-97,19/02/1997,40335-89,true,false,true,true
196,Madalyn Poyzer,637.890.855-65,05/03/1992,25621-54,true,false,false,false
197,Anatollo Puttnam,395.952.496-10,14/05/1966,16092-63,false,false,false,true
198,Maury Gerrels,211.040.108-18,28/12/1952,48896-97,true,false,false,false
199,Janek Mogie,211.739.367-22,10/04/1960,16284-33,true,false,false,true
200,Phillida Pritchard,897.283.375-15,10/05/1983,83475-14,true,true,false,false
201,Lucius Lipmann,779.538.513-42,24/12/1964,68893-71,true,true,false,true
202,Gene Purchall,761.608.266-38,26/04/1985,71422-85,true,true,false,false
203,Orly McLachlan,869.214.063-88,23/09/1990,46368-08,false,true,false,false
204,Zach Bilt,093.783.069-53,09/06/1984,50108-28,false,true,false,true
205,Lira Dalton,625.605.706-64,11/02/1967,89269-36,true,false,false,true
206,Lory Solesbury,979.368.643-03,03/09/1987,77384-28,true,false,true,true
207,Robin Leaming,225.606.873-04,16/04/1977,16706-69,true,false,false,false
208,Joye Lesslie,864.202.657-69,28/01/1986,40288-08,true,false,true,true
209,Winfred Cary,397.893.737-68,01/05/1954,53823-85,true,false,true,true
210,Tracey Ditter,574.634.078-21,29/05/1998,86982-46,true,true,true,true
211,Marco Usborn,942.841.896-39,28/08/1958,53931-98,false,true,true,false
212,Livia Alliker,125.287.586-21,28/12/1975,34776-74,false,true,false,true
213,Nikoletta Matysik,459.386.705-38,16/02/1976,16631-86,true,true,false,true
214,Rycca Rowles,789.640.432-28,30/10/1959,77672-66,false,true,true,true
215,Viva Pruckner,582.274.878-99,18/02/2001,08164-00,true,false,true,false
216,Errick Duffett,545.531.886-03,15/12/1996,18480-60,false,true,true,false
217,Janeva Pearman,328.232.698-76,12/11/1995,19849-94,false,true,true,false
218,Joelly Hurkett,188.498.216-73,11/11/1998,35029-73,true,true,true,true
219,Gregor Pischel,273.569.171-92,17/12/1952,49888-32,false,false,false,false
220,Barbee Derkes,246.433.932-34,07/09/1997,22938-84,false,false,true,false
221,Neddy Basile,597.609.069-91,22/03/1988,78576-66,true,false,false,true
222,Belvia Flescher,550.071.867-37,24/04/1992,73945-09,false,true,false,true
223,Lulu Ouldred,158.280.638-27,19/12/1971,21068-36,false,false,false,true
224,Bernice Hartles,957.293.022-84,24/09/1970,73830-79,false,true,false,true
225,Whitaker Skillern,853.480.382-41,21/10/1966,98850-87,true,true,true,true
226,Sibel Heymes,592.054.808-75,14/12/1960,56336-73,false,false,false,false
227,Melloney Fortnam,920.830.015-50,28/06/1999,65524-49,false,true,true,true
228,Linea Eldredge,987.775.740-11,07/06/1983,19996-85,true,false,false,false
229,Christos Elven,744.950.421-93,28/12/1983,82857-70,true,true,false,false
230,Arly Scrooby,177.016.363-89,09/07/1977,14444-69,false,false,false,false
231,Keely Aubri,972.143.226-51,25/01/1981,28455-43,false,false,true,true
232,Melisa Dwyer,400.863.211-83,21/09/1999,73058-80,false,true,true,true
233,Homer Samuels,274.812.149-84,26/12/1961,84085-48,true,true,true,false
234,Libby MacKnockiter,609.412.140-16,23/05/1996,11237-75,true,false,true,true
235,Jerrylee Sapsford,422.177.439-89,11/10/1974,01597-13,false,false,true,false
236,Corbie Makin,116.838.911-41,16/01/1988,58762-49,true,true,true,true
237,Edd Taig,827.006.898-19,19/10/1963,02982-98,false,false,false,true
238,Lia De Domenici,960.038.472-47,20/05/1951,83160-11,true,true,false,false
239,Maxie Noyce,679.677.613-16,21/04/1995,03597-85,false,false,false,false
240,Fraze Harber,714.180.456-41,11/02/1978,03310-57,false,true,false,true
241,Vincents Bone,929.148.947-09,27/01/1954,78465-16,true,true,false,true
242,Dolorita Cluney,837.107.388-43,27/10/1973,30929-07,true,false,true,true
243,Hermon Guirau,882.212.930-99,03/02/1977,14299-33,false,true,false,false
244,Ernie Paulack,217.164.964-62,09/03/1952,89396-86,false,false,true,true
245,Georgianne Andryushin,518.194.177-78,24/04/1961,08520-50,false,true,true,false
246,Talbot Eim,473.378.663-02,19/05/1967,01664-45,false,false,true,true
247,Loralee Glynn,357.541.004-94,19/01/1972,87466-80,false,true,false,false
248,Kitty Leivers,889.173.526-77,19/05/1990,82113-35,true,false,false,false
249,Leopold Iacomini,901.017.532-63,18/07/1993,50598-71,false,false,true,true
250,Siffre Crowley,937.052.425-38,25/10/1987,75117-15,true,true,false,true
251,Cece Clifton,320.392.403-42,16/08/1979,25502-70,false,true,true,false
252,Aryn Burcher,929.832.155-51,22/06/1989,93788-15,false,true,true,true
253,Randi Beevis,784.143.592-64,21/02/1969,78287-13,true,true,true,false
254,Larine McIan,428.123.027-79,01/08/1969,34813-82,false,true,true,false
255,Glenna Porter,968.597.093-24,15/07/1989,99358-45,true,false,false,true
256,Leif Cradock,750.133.910-77,13/08/1981,32325-37,true,false,false,true
257,Hazel Bartelet,738.892.941-25,30/10/1976,98237-52,false,true,false,true
258,Colin Barajaz,330.589.157-33,26/04/1957,36364-77,false,true,false,false
259,Maribelle Hagstone,545.475.206-17,05/09/1978,27864-93,false,true,true,true
260,Nikolia Husselbee,489.889.776-64,26/05/1992,78528-33,true,true,true,true
261,Shara Poynor,704.581.752-68,26/07/1980,80784-80,false,true,false,false
262,Starlene MacMorland,746.382.172-20,11/05/2003,60391-62,true,true,true,false
263,Margaux Fley,215.663.310-25,21/09/1990,47072-44,false,true,true,true
264,Jed Slott,062.147.794-92,12/09/1982,97095-31,true,true,true,true
265,Brigitta Boncore,027.582.409-60,27/01/1988,30330-76,true,false,false,true
266,Karoly Shepstone,876.082.331-75,17/01/1971,32323-65,true,false,true,false
267,Adrian Torrijos,907.562.018-74,08/11/1968,51570-88,false,true,true,true
268,Jeanne Mahy,883.299.063-65,29/06/1985,31404-94,false,true,true,false
269,Chevy Trevallion,965.748.260-51,19/04/1995,37279-97,true,true,false,true
270,Willamina Hudspeth,584.913.036-71,13/10/1979,90254-83,false,false,true,true
271,Zacherie Fley,813.717.830-12,04/09/1985,28592-40,true,false,false,false
272,Sarette Eskrick,639.826.697-76,20/02/1971,81026-14,true,false,true,false
273,Kippy Jiggens,156.993.398-21,03/01/2000,52115-79,true,false,true,false
274,Erminie Hollyer,067.551.744-28,27/04/1992,83344-68,false,false,false,true
275,Ame De Cleen,852.054.734-17,27/01/1992,25995-68,false,false,false,true
276,Adrian Lansley,946.400.942-70,28/06/1990,23983-80,true,false,false,true
277,Daryle Gouly,690.085.198-19,26/01/1989,21168-76,true,true,true,true
278,Erna Skough,513.003.058-67,30/12/1967,71398-56,true,true,false,true
279,Lorna La Batie,972.670.057-23,18/06/1992,93890-67,true,true,true,false
280,Quincey Bernaert,480.307.993-28,08/06/1959,60863-15,true,true,false,true
281,Jack Baggett,907.343.243-01,10/12/1973,26020-88,false,true,false,false
282,Davidson Meddows,642.767.444-07,04/09/1971,02422-25,false,false,true,false
283,Geri Sumner,169.585.771-83,26/01/1959,03838-61,false,true,true,false
284,Pepito Kirley,820.762.766-53,09/04/1955,19470-74,true,false,true,false
285,Hebert Shoebottom,910.218.515-19,03/03/1958,88600-31,true,true,false,true
286,Raddie Tichner,663.145.767-08,15/03/1974,66654-64,false,false,false,false
287,Norine Taffrey,512.341.245-03,27/09/2003,23554-79,false,true,false,true
288,Selena Hache,948.506.895-03,24/01/1974,47620-45,true,true,true,true
289,Eudora Colerick,628.498.410-46,16/04/1955,85889-24,false,false,true,false
290,Caresse Venus,722.993.123-22,16/09/1977,33187-07,true,true,false,false
291,Sven Zahor,266.059.464-62,07/12/2001,42641-13,true,false,false,true
292,Flory Enefer,645.689.264-03,03/04/1978,68179-13,false,true,false,true
293,Gilberta Yoxen,835.986.590-78,21/12/1982,57199-62,false,false,false,true
294,Sharyl Clark,375.944.543-61,30/12/1975,92531-37,true,true,true,false
295,Dickie Waterhowse,155.547.130-24,22/02/1957,17968-19,true,false,true,false
296,Caryn Beddin,860.550.400-62,31/08/1995,28462-48,false,true,true,true
297,Davy Popping,059.311.274-47,15/11/1992,48696-02,true,true,true,true
298,Ludwig Bearn,208.771.145-10,12/10/1993,03861-96,false,true,false,false
299,Talbot Luckcuck,348.002.324-22,27/06/1982,02388-15,false,false,true,true
300,Danni Marusic,674.551.209-40,06/07/2002,65476-50,false,true,true,false
301,Cookie Tring,416.278.457-64,14/02/1958,12653-12,false,true,true,false
302,Letty Georgeot,180.552.731-05,20/11/1965,83006-01,false,false,false,false
303,Willie Cosslett,266.816.619-16,06/05/1960,36777-00,true,true,false,true
304,Ninetta Basten,871.934.138-54,12/12/1997,82384-40,true,false,true,false
305,Torrie Skelly,378.829.926-17,06/07/1956,93343-58,true,false,true,false
306,Dodi Empleton,205.974.587-54,15/09/1986,12371-20,false,true,true,true
307,Barr Lehrian,999.605.611-48,02/05/1992,02416-03,false,false,false,true
308,Raffaello Nannizzi,658.283.606-21,25/11/1964,60867-47,false,false,false,false
309,Pavia Schuster,182.652.111-62,21/05/1990,11653-02,false,true,true,false
310,Ichabod Charkham,084.464.115-84,13/12/1963,07291-95,false,false,true,true
311,Teena Kerswill,654.674.575-85,20/11/1988,04889-13,false,true,false,false
312,Garrott Schlagh,311.768.676-06,26/12/1985,83801-54,true,true,false,false
313,Clarence Cicero,878.890.301-36,01/06/1977,80014-91,false,true,false,false
314,Alden Woolforde,008.574.212-37,19/06/1999,84565-33,true,true,false,true
315,Samara Pretorius,003.988.950-78,15/07/2000,40568-59,false,false,false,true
316,Beverie Oldershaw,129.476.449-72,17/09/1962,96970-16,true,true,false,false
317,Thaddus Gillard,202.208.792-96,16/04/1998,82369-57,false,true,false,true
318,Dorita Brito,203.152.719-74,19/05/2003,89799-03,true,true,false,true
319,Winifield Stroud,114.694.040-20,23/11/1967,62737-04,true,true,true,false
320,Jada Shallcroff,757.010.157-99,20/03/1964,60676-39,true,true,true,true
321,Allix Narramore,286.193.979-66,08/07/1990,53870-32,true,true,false,false
322,Chandal Tibald,384.516.829-90,12/05/1955,90300-43,false,false,true,false
323,Paulie Compson,278.304.351-44,04/03/2000,99162-60,true,false,false,false
324,Veriee Bampfield,798.657.669-57,11/03/1957,69529-89,false,true,true,false
325,Eal Lowers,943.501.297-93,20/08/1951,25577-62,true,true,false,false
326,Darell Balstone,815.096.797-85,26/07/1961,49122-10,true,false,false,false
327,Lauren Glowacki,528.941.820-50,23/04/1976,59166-15,false,true,false,true
328,Cletus Hourstan,641.974.226-00,09/06/1991,58352-27,true,true,true,true
329,Meryl Clausner,579.161.606-15,04/04/1985,29839-65,true,false,true,true
330,Kikelia Lambie,487.090.832-34,22/03/1975,65460-47,false,true,false,true
331,Tracie Goligher,611.400.348-63,14/10/1988,73814-18,false,false,true,false
332,Tobi Watsham,910.774.161-01,17/05/1975,66393-76,false,false,false,true
333,Kimberlyn Marcus,529.235.996-04,10/08/1981,37708-51,true,false,true,true
334,Addi Rames,546.833.519-88,14/03/2001,18539-89,false,false,true,false
335,Brigham Sighard,089.702.821-87,05/07/1963,43128-23,true,false,true,false
336,Ethel Rosita,396.835.221-60,08/10/1954,69183-66,false,false,false,false
337,Delaney Breakspear,122.971.811-70,29/09/1965,79072-19,false,true,true,true
338,Mitch Barnish,045.147.973-01,27/01/1955,22351-48,true,false,true,true
339,Darby Riceards,908.656.833-49,07/08/1953,00314-72,true,false,false,true
340,Herschel Sincock,402.656.695-25,10/07/1978,97953-89,true,true,true,false
341,Trenton Ffoulkes,349.778.743-51,26/11/1957,17664-02,true,true,false,true
342,Ettore Luck,554.979.752-68,11/04/1972,63684-08,true,false,false,true
343,Yehudi McCabe,725.269.239-85,16/01/1977,79121-47,true,true,true,false
344,Roseanne Coche,892.520.588-10,20/10/1993,12431-11,true,true,false,false
345,Berny Press,583.785.217-80,30/04/1954,83797-20,true,true,false,false
346,Cornelius Tebboth,124.160.207-46,24/01/1953,90462-39,true,false,true,false
347,Ruddy Kreuzer,454.166.598-09,27/05/1997,49724-45,true,true,true,false
348,Jada Decourt,075.950.910-10,16/12/1994,43504-43,true,false,true,false
349,Birdie Sheran,499.251.484-05,25/08/1993,95347-52,true,false,true,true
350,Gloriane Crevy,060.155.077-33,03/11/1968,46538-25,true,false,true,true
351,Opalina Pardi,213.369.861-57,04/05/1966,65518-16,true,false,true,false
352,Alphonse Lilywhite,268.184.679-24,18/02/1976,99050-48,true,false,false,true
353,Koral Guidini,533.341.770-24,16/11/1964,80702-18,true,false,false,true
354,Anissa Sawer,870.767.868-81,21/03/1976,98150-76,false,true,false,false
355,Hastie Stubs,423.873.172-38,15/11/1958,48884-48,false,true,false,true
356,Malia Shreeves,753.243.795-41,12/10/1950,03293-46,false,false,true,false
357,Lisa Tramel,621.186.991-11,14/06/1995,70747-39,false,false,false,false
358,Linnell Posthill,113.872.187-35,13/11/2003,20843-27,false,false,true,true
359,Pen Berthomier,650.203.577-97,27/11/1972,84613-21,false,false,true,false
360,Lin Blincow,423.589.062-84,02/04/1985,47600-89,true,false,true,true
361,Lauren Tewes,319.637.220-09,09/11/1990,31053-07,true,false,false,true
362,Betsey Cafe,703.665.374-66,02/08/1999,86009-01,false,false,false,true
363,Avril Bernli,584.114.795-33,09/11/1985,64674-13,false,false,false,true
364,Christian Atto,608.193.081-27,16/04/1971,49310-33,false,true,true,false
365,Gratia Yakobovitz,733.581.085-30,10/09/1955,33501-43,true,false,false,false
366,Jacobo Cianelli,393.102.844-09,22/12/1984,20917-56,true,false,true,true
367,Montgomery de Copeman,647.870.715-20,17/09/1981,09640-28,false,false,true,false
368,Lauraine Page,062.462.858-34,28/12/1968,01398-22,true,true,true,false
369,Page Cressingham,206.416.786-22,20/03/1984,40600-54,false,false,false,true
370,Cleve Mamwell,581.961.146-98,25/12/1976,67699-58,true,true,false,true
371,Boniface Gerbl,856.352.158-52,03/07/1995,13582-04,false,false,false,false
372,Hallie Flipek,002.730.174-02,13/03/1991,04311-00,true,false,true,false
373,Georgetta Janton,300.305.074-67,10/05/2000,97033-50,true,true,true,false
374,Twyla Staves,339.920.429-88,24/07/1965,92161-99,true,false,true,false
375,Wally Cowlin,868.921.634-07,11/03/1994,02919-64,false,true,false,true
376,Debora Ryam,796.031.983-15,09/09/1988,27809-43,false,false,false,false
377,Ashia Yurlov,825.905.436-11,03/04/1988,60413-02,true,false,false,true
378,Florinda Kehoe,700.238.328-50,06/07/1993,29078-01,true,true,true,false
379,Pearline Hambelton,300.317.828-77,04/05/1997,14851-33,false,false,false,false
380,Gunter Lattka,129.652.191-09,22/12/1956,60374-06,true,true,true,false
381,Cull Raccio,411.618.647-29,19/09/1970,82204-72,true,true,false,true
382,Kev Dyble,621.698.050-66,27/07/1996,54005-34,true,false,true,true
383,Pall Towey,041.518.073-92,25/05/1975,77098-61,false,false,true,true
384,Sarita Kinchlea,152.753.945-74,25/08/1986,77428-31,false,true,true,false
385,Sig La Batie,997.552.451-20,28/11/1994,03296-80,true,true,true,true
386,Tasha Hodgets,577.775.828-60,11/05/1960,53756-34,true,false,true,true
387,Vite Pawle,960.633.427-17,16/09/1988,96937-81,true,true,false,false
388,Wanids MacNamara,305.059.446-19,22/04/1980,73229-85,false,true,false,true
389,Aurora Newell,319.643.587-03,24/10/1972,96499-26,false,true,false,false
390,Doyle Sorbie,982.993.834-60,16/06/1986,56916-35,false,true,true,false
391,Ellswerth Raff,399.165.408-63,13/02/1978,88423-68,false,false,false,true
392,Karlyn Lyman,635.937.606-40,10/04/1959,43151-44,true,false,false,false
393,Trudie Hintze,494.425.705-68,25/11/1972,05957-84,false,true,true,true
394,Mandi Donaher,262.208.562-47,18/04/1973,92828-94,true,false,false,false
395,Morrie Surphliss,658.232.371-76,12/01/1981,62304-14,false,false,true,true
396,Cori Kuhnt,594.936.847-58,04/02/1968,71174-45,false,false,false,true
397,Bartholomeo MacGow,710.833.201-00,25/12/1993,05984-98,false,false,false,true
398,Kerstin Kinnerk,847.303.214-21,29/03/1977,99857-50,false,true,false,false
399,Carmita Vokes,786.591.091-63,24/02/1958,23959-29,false,false,true,false
400,Luke Brozsset,113.714.541-21,12/01/1989,05803-14,true,false,false,false
401,Jodi Saint,020.470.487-59,08/09/1999,99223-32,true,true,false,true
402,Jecho Baynon,433.817.238-32,12/01/1950,90421-39,false,false,false,false
403,Meara Tregido,953.096.604-63,23/08/1960,62548-31,false,false,true,true
404,Alva Boynton,000.852.647-82,15/12/1998,32283-03,true,true,false,true
405,Jeth Jerche,806.225.810-53,19/03/1980,14007-23,true,false,false,true
406,Jaclyn Dankersley,207.684.011-65,18/07/1953,78464-26,true,false,true,true
407,Erek Braben,009.074.207-24,17/05/1982,76591-07,false,true,true,false
408,Virginie Keynd,069.378.957-62,16/05/1983,65469-52,true,false,true,true
409,Elna holmes,356.140.011-75,24/04/1982,41233-73,false,false,true,false
410,Andee Maudsley,912.801.465-44,02/09/1965,28697-30,false,false,true,true
411,Price Robelow,294.644.420-04,10/08/1950,09333-03,false,true,true,false
412,Wilburt Matherson,029.774.913-23,08/05/1973,59268-31,true,true,false,true
413,Dede Kid,825.402.968-30,24/03/1952,51238-81,false,true,false,false
414,Kelcy Crutcher,249.858.097-26,15/02/1972,88633-90,false,true,true,false
415,Evelyn Duncan,226.929.191-25,11/04/2002,51484-68,false,true,false,true
416,Constantine Podmore,476.512.219-30,07/11/1975,92992-44,true,true,false,false
417,Janeta Sterrie,797.670.869-26,20/12/1967,26112-87,false,false,true,false
418,Ivett Ramelet,442.613.106-26,18/01/1968,26809-12,true,false,true,true
419,Stella Fisk,172.160.100-57,23/12/1990,78737-54,true,true,true,false
420,Gladys Straffon,453.156.048-50,08/04/1978,41155-61,false,false,true,true
421,Jojo Cleave,493.600.290-63,29/03/1958,34992-38,false,false,false,true
422,Fayina De Bischop,159.475.249-16,31/05/2002,51983-67,true,true,true,false
423,Harley Raleston,738.933.284-57,26/05/1967,94947-11,false,true,false,true
424,Maddy Kimmitt,597.400.253-55,28/06/1995,60512-66,false,true,false,false
425,Cristabel Tirrell,649.008.420-84,01/03/1982,77253-01,true,false,true,true
426,Justin Wooler,508.969.957-29,17/05/1972,83847-93,false,false,false,true
427,Donnajean Packham,023.182.267-34,24/01/1994,87356-53,true,false,true,true
428,Vittorio Layton,312.802.869-34,15/06/1958,01224-25,false,false,false,true
429,Beret Bienvenu,330.878.850-32,10/10/1988,23545-82,true,false,false,false
430,Verina Sancias,593.953.790-69,25/06/1998,91068-23,false,false,false,true
431,Cecile Grossman,478.947.454-47,27/09/1963,18511-59,true,false,true,true
432,Holmes Dalgarnocht,759.862.050-76,14/04/2002,75055-06,true,false,true,true
433,Zaria Boner,176.255.704-56,11/09/2000,76462-43,true,true,true,false
434,Orlan Portingale,513.670.079-75,14/02/1976,28003-53,true,true,true,true
435,Lauri Cholerton,784.953.225-91,14/08/1957,66607-23,false,false,false,true
436,Marni Purcell,104.065.244-52,31/07/1960,53606-76,false,false,false,true
437,Freemon Anstead,630.496.618-72,21/07/1994,99215-45,true,false,false,true
438,Antonia Pennacci,808.956.986-85,19/08/1959,00111-90,false,false,true,false
439,Aloysius Birdsey,789.781.104-31,01/07/1979,94359-20,false,false,true,true
440,Darrell McLaughlan,134.056.931-49,08/08/1972,39142-64,true,false,false,true
441,Phillida Harby,370.128.779-70,07/01/1970,14286-57,false,true,false,false
442,Emlyn Rubinshtein,321.599.090-86,08/04/1989,36808-02,true,true,true,true
443,Honoria Iscowitz,710.487.761-32,27/08/1980,31329-90,false,true,true,false
444,Lawrence Ferrieri,434.565.227-07,21/05/1998,46663-39,true,false,false,true
445,Phillie Wathell,893.814.719-08,02/01/1999,42521-52,false,false,true,false
446,Lucas de Mendoza,341.912.005-68,31/10/1962,31560-16,false,true,true,false
447,Ted Wilby,701.577.702-08,14/08/1952,88669-88,false,false,true,true
448,Myrlene Bungey,416.349.349-34,12/06/1991,66985-03,true,true,false,true
449,Willie Sitlington,008.927.363-38,14/10/1972,31394-59,false,false,false,false
450,Cornie Compson,773.548.433-53,09/06/1995,34171-87,false,false,false,false
451,Cinderella Jerams,192.258.544-59,04/09/1981,10779-47,true,true,true,false
452,Gray Gerin,639.544.262-41,20/09/1958,51721-41,true,true,true,false
453,Susannah Hunnam,887.164.362-42,07/01/1994,43335-64,true,true,true,true
454,Carine Gainseford,823.831.127-07,22/06/1992,48981-94,true,true,false,true
455,Ophelia Flawn,250.193.059-41,09/10/1951,65708-62,true,true,true,true
456,Solly Sumbler,808.803.300-82,17/11/1983,92473-52,false,false,false,false
457,Haily Seabrocke,764.822.970-20,01/08/1980,55116-82,true,false,false,true
458,Arv Fawdery,273.085.392-11,20/01/1962,58130-61,true,false,false,false
459,Charisse Jansema,720.419.846-41,12/05/1995,50629-32,true,true,true,false
460,Burnard Solon,300.898.582-42,26/11/1990,41785-70,false,false,false,true
461,James Wadeling,099.972.432-84,16/01/1965,11571-43,true,false,false,true
462,Willa Pakenham,203.743.128-01,17/04/1976,48917-02,true,false,false,true
463,Granville Symonds,514.319.103-56,24/04/1962,90808-89,false,false,true,true
464,Stan Cardus,525.448.677-64,09/11/1987,49291-80,false,true,false,true
465,Tilda Baines,071.962.262-43,29/06/2003,59746-93,false,false,false,true
466,Konrad Madelin,595.796.528-82,18/05/1952,67127-33,true,false,true,false
467,Marv Whawell,046.754.295-46,28/01/1969,74519-93,false,false,true,false
468,Killian Works,815.001.285-13,25/10/1997,30232-09,true,false,false,false
469,Blanche Rollason,531.293.436-17,27/12/1985,08290-50,false,false,true,true
470,Dinnie Ord,615.890.446-91,09/06/1962,97283-63,true,false,true,true
471,Tate Leatt,828.778.580-51,06/12/1979,94990-65,false,true,true,true
472,Codi Ruprecht,845.654.948-16,03/04/1975,53950-71,false,false,true,false
473,Vin Todd,554.264.624-48,23/10/2003,65674-02,true,false,false,true
474,Erhard Morfield,598.717.255-24,23/11/1979,82926-47,true,true,true,false
475,Sim Escoffier,008.836.386-64,08/11/1980,13203-85,true,true,true,true
476,Shanie Lagde,242.683.394-40,02/06/1951,90286-09,false,false,true,false
477,Charlene Nern,726.658.990-01,04/04/1996,17970-31,true,true,false,true
478,Reggie Gudyer,722.100.863-18,12/09/1970,60618-87,true,false,false,true
479,Martynne Jacqueminot,846.279.982-55,22/11/1979,63804-51,true,true,false,true
480,Mattheus Scoines,519.014.981-84,25/08/1994,49218-33,true,false,false,false
481,Isidore Taile,746.065.510-17,15/05/1999,60995-29,true,false,true,true
482,Warden Riccioppo,176.688.910-75,07/05/1972,25997-02,true,true,false,true
483,Rowe Windrum,664.469.560-52,07/03/1951,77921-35,true,false,false,false
484,Ichabod Fruser,393.534.674-66,31/10/1992,22479-46,false,true,false,true
485,Josh Devennie,320.051.909-20,22/09/1961,23528-15,false,true,true,true
486,Hyacinth Powers,407.077.389-59,25/05/1988,64994-20,true,true,true,true
487,Jillene Kenlin,309.412.463-67,10/12/1977,29827-83,true,true,false,false
488,Nathaniel Gronous,018.418.965-49,15/06/1990,19453-00,true,false,false,true
489,Chico Thick,025.486.193-89,28/06/1952,48110-68,true,true,true,false
490,Wake Leabeater,681.340.107-24,27/02/1970,35818-79,false,false,true,false
491,Enrika Holsey,690.907.488-36,01/08/1957,85235-80,false,false,false,false
492,Pippy Danet,501.557.287-99,19/10/1961,67192-70,true,true,false,true
493,Joshia Maytum,625.725.066-98,07/06/1961,13645-65,true,false,false,false
494,Tallie Badsworth,696.175.079-36,27/09/1971,22731-54,true,true,true,false
495,Consuela Pignon,751.009.091-37,08/04/1994,91440-16,true,false,true,false
496,Jarib Smithers,663.836.459-22,28/11/1961,58575-65,false,false,true,true
497,Willyt Everix,379.245.625-12,07/09/1954,99314-55,false,true,true,false
498,Shaina Claughton,738.032.658-86,23/02/1988,07242-05,true,true,true,true
499,Hewet Facer,366.539.208-23,06/07/1965,35089-74,false,true,true,true
500,Phillis Drepp,830.930.103-80,28/07/1993,73643-05,true,true,false,true
501,Katharyn Chevolleau,555.607.329-20,02/01/1996,10480-82,false,false,true,true
502,Humfried Vakhrushin,615.539.395-74,13/06/1989,05574-35,false,false,false,true
503,Kalli Dearle,575.396.892-32,24/09/1964,22660-53,true,false,false,true
504,Ann-marie Cahalan,644.763.703-27,05/02/2001,70180-01,true,true,false,false
505,Glad Oglethorpe,498.605.339-51,17/11/1992,98838-42,true,false,false,true
506,Everard Hallgarth,265.312.554-00,06/10/1958,98365-63,true,false,true,true
507,Aldwin Monier,027.105.759-95,30/10/1988,58493-77,true,true,false,true
508,Hervey Jaulme,167.625.662-72,20/02/1991,07030-73,true,false,true,true
509,Georgeta Leftridge,225.247.019-08,14/03/2000,18080-31,false,true,true,false
510,Florie Kleinhaus,130.029.969-05,05/04/1993,92945-83,false,true,true,true
511,Elbertina Maha,961.463.830-65,20/11/1978,29810-87,true,false,false,true
512,Donny Lucio,544.697.234-96,20/07/1994,41624-98,true,true,true,true
513,Richart McLelland,448.443.868-53,06/05/1973,18429-37,true,false,true,false
514,Jan Bunclark,536.445.160-43,11/04/2001,95174-85,true,false,false,true
515,Patti Bevens,292.089.092-30,05/05/1997,99897-16,false,false,false,true
516,Lorant Burnep,137.104.983-69,08/12/1976,14607-70,false,false,false,false
517,Delila Enriques,484.169.804-46,10/09/1968,56376-25,true,true,true,false
518,Matthaeus Teas,579.038.077-74,19/08/1996,08404-74,true,true,false,false
519,Dorolice Walklot,838.429.255-46,06/04/1994,07598-04,false,true,false,false
520,Deedee Bines,297.238.857-03,25/06/1960,68511-62,true,false,false,true
521,Jerry Casbourne,572.623.703-37,21/03/1961,26138-26,false,false,false,false
522,Lilith Crompton,910.523.624-81,19/02/1971,82082-98,false,true,true,true
523,Justinn Musk,801.016.886-10,24/02/1956,02062-82,true,false,true,true
524,Alie MacFall,812.084.117-15,19/07/1994,80880-23,false,true,true,false
525,Abey Merredy,249.847.121-89,21/04/1977,21255-80,false,false,false,false
526,Brian Ambrosio,030.786.925-71,13/03/1960,20080-00,true,true,false,true
527,Riki Cardno,958.084.609-97,12/03/1967,63941-63,true,true,false,true
528,Leland Bartosek,036.126.341-65,07/05/1982,40727-55,false,true,false,false
529,Amalie Gebhard,473.768.115-95,05/11/1993,53776-04,true,true,false,true
530,Gris Simonian,821.122.397-34,19/01/1973,08958-14,false,false,true,false
531,Aloysius Paley,038.973.920-07,30/10/1980,92167-77,true,true,false,false
532,Tally Baelde,260.201.847-38,24/02/1984,81274-80,true,false,true,true
533,Carney Rotherforth,628.081.393-79,12/07/1962,36065-31,true,true,true,true
534,Herschel Ondrusek,918.381.371-59,31/10/1986,64985-14,false,false,true,true
535,Caspar Honeyghan,158.972.888-48,25/04/1977,15638-56,true,false,false,true
536,Cathee Blesli,380.340.963-87,08/04/1992,36668-76,false,false,true,true
537,Kelby Tillerton,802.347.249-03,30/07/1977,14073-97,true,true,true,false
538,Arnold McGloughlin,037.163.309-20,21/04/1979,72199-93,true,true,true,false
539,Lilli Andreazzi,864.243.982-12,17/11/1963,67349-20,true,true,true,true
540,Jennifer Cozins,549.494.757-58,06/09/1963,38078-85,false,false,false,false
541,Paulina Andreou,859.649.497-53,04/12/1995,95824-90,false,false,false,false
542,Rubi Jedrzejczyk,162.664.412-58,19/02/1961,11478-91,true,true,true,true
543,Fey Iacovucci,163.961.837-82,14/05/1977,44683-50,true,true,false,false
544,Stormie Reen,863.803.397-90,07/11/1996,14010-70,true,false,false,false
545,Mead Davidde,604.042.969-62,26/12/1994,17357-55,false,false,true,false
546,Lammond Lassen,714.902.821-42,22/05/2002,93094-61,false,true,true,true
547,Bobina Barthrup,942.000.009-86,01/03/1953,24906-37,true,true,false,true
548,Merrile Giles,531.418.972-66,08/08/1969,23988-78,false,true,true,true
549,Felike MacKeller,436.063.996-45,07/03/1962,13801-62,true,true,true,false
550,Rudiger Kimpton,517.308.816-92,24/05/1972,61407-75,true,false,true,true
551,Kimberli Baumaier,963.763.853-18,20/03/1951,63476-56,false,false,true,false
552,Kellen Zupa,588.192.539-93,07/02/1984,41653-66,false,true,false,true
553,Madge Leipoldt,799.517.092-82,02/02/1983,25838-42,true,true,false,true
554,Padriac Hovee,206.325.933-29,17/10/1998,23573-00,true,false,true,true
555,Jarrad Kegley,741.598.868-02,09/12/1958,61624-04,false,false,false,true
556,Noak Sappson,330.509.989-81,14/12/1973,60743-90,false,true,false,true
557,Linet Isson,576.371.400-24,18/03/1962,46283-54,true,true,true,true
558,Herb Dudderidge,406.819.887-50,07/07/1974,02763-35,true,false,false,true
559,Abra McCloid,576.321.211-37,13/09/2003,46960-15,true,false,true,false
560,Margalit Wike,042.663.298-52,14/07/1985,74136-64,true,true,true,false
561,Gratiana Culshew,785.593.287-79,23/08/1965,11538-00,true,true,true,false
562,Creight Hender,880.153.652-07,27/09/1980,35524-75,true,false,false,true
563,Albie Ruggieri,129.314.029-24,17/11/1991,43985-02,true,false,false,true
564,Anetta Livett,852.860.104-45,09/10/1970,70238-93,true,false,false,true
565,Jaquenette Dundendale,515.015.807-58,17/09/1972,29356-94,true,false,false,false
566,Christopher Mableson,455.674.045-54,13/03/1969,79281-22,false,false,false,true
567,Esra Adamczyk,568.841.424-75,06/11/1960,08216-99,false,true,true,true
568,Netta Bartomieu,016.708.740-68,03/03/2001,06400-56,false,true,true,true
569,Cy Marte,036.164.974-61,08/04/1966,86001-82,false,false,false,false
570,Nikos Bleyman,474.458.990-68,16/03/1971,60971-55,false,true,true,true
571,Orelle Nettleship,280.750.965-66,16/07/1969,72697-24,true,true,false,true
572,Marsha La Batie,460.293.458-76,10/03/2000,81528-08,true,true,false,true
573,Imogene Dyers,154.810.771-49,20/02/1977,50231-40,false,true,true,false
574,Brandie Claxson,484.274.811-10,29/05/1991,52804-29,false,true,false,true
575,Chrotoem Stanex,748.873.317-48,25/04/1999,88231-58,true,true,true,true
576,Joell Ridulfo,660.281.073-25,14/03/1959,09161-02,false,false,true,true
577,Aeriell Hercock,169.790.095-00,15/03/1962,14909-55,true,true,false,true
578,Mavra Margrett,733.521.857-68,04/06/1994,22753-59,false,true,false,false
579,Pauletta Lesek,705.267.162-92,19/04/1951,48344-48,false,true,true,false
580,Francyne Lanigan,171.897.329-87,27/03/1991,95463-14,false,true,true,false
581,Marilin Bycraft,233.448.737-62,01/04/1958,88988-18,true,false,false,false
582,Leola Waything,235.839.375-32,15/04/1957,14336-51,true,true,true,true
583,Brinn Calabry,170.235.868-68,27/03/1996,49157-90,true,false,false,false
584,Fenelia Hendrick,830.667.140-86,29/05/1993,65764-13,false,true,false,false
585,Ardelle Mannie,340.826.441-21,25/11/1978,48650-19,false,false,false,false
586,Hansiain Dunkerly,919.516.959-45,30/08/1987,30465-60,true,false,true,true
587,Rafferty Digan,242.649.003-40,18/07/1978,11006-98,true,false,false,false
588,Katrinka Melendez,693.347.594-93,08/12/1984,74627-17,false,false,true,false
589,Florie Sheepy,364.297.452-14,30/11/1974,12097-11,false,true,false,true
590,Renie Jackson,279.437.885-89,18/10/1969,33409-84,false,false,false,false
591,Meggie Ollet,265.810.113-14,28/09/2001,22697-76,true,false,false,false
592,Lucretia Jouhandeau,269.017.345-96,13/08/1959,98485-54,false,false,false,true
593,Alejoa Janikowski,942.915.985-94,23/06/2003,47340-71,false,false,true,true
594,Daven Lafuente,725.094.626-11,26/01/1957,55368-97,false,false,false,false
595,Mirelle Szymon,433.518.212-64,31/12/1979,17613-23,true,true,true,false
596,Berky Carlisso,727.840.864-45,29/05/1978,99071-23,false,false,true,true
597,Aldwin Renneke,297.264.925-36,15/03/1985,41978-90,false,false,false,false
598,Godfree Cotesford,989.646.746-63,03/03/1964,77880-14,true,true,true,true
599,Ham Ballin,261.698.716-56,22/12/1999,91438-70,false,true,false,true
600,Halimeda Danne,737.027.462-24,18/09/1956,91909-67,true,true,true,false
601,Lazaro Konig,713.186.718-53,24/09/1952,35834-56,false,false,true,false
602,Britteny Fallowes,871.719.399-44,21/05/1981,28095-54,true,false,true,false
603,Giulio Callery,973.666.760-50,02/09/1980,81177-16,false,true,false,true
604,Adair Frapwell,564.149.438-82,27/04/1994,83098-13,false,true,true,false
605,Berny Feakins,117.207.546-66,12/07/1994,92473-17,false,true,true,false
606,Dal Ainslie,620.176.085-59,29/04/1968,59237-67,false,false,true,true
607,Lorne Whitcomb,813.497.244-27,31/10/1969,23378-09,true,true,false,false
608,Vinny Mottershaw,202.410.571-68,17/08/1972,56702-11,true,true,true,true
609,Joellyn Grima,914.870.996-81,04/02/1983,21236-99,true,true,true,false
610,Carey Bisco,583.254.051-00,01/05/1980,75777-63,false,false,true,true
611,Caressa Lownds,242.513.835-51,20/01/1987,08534-41,false,true,true,false
612,Oona Vannoni,708.039.043-94,16/03/1997,80147-31,true,false,false,false
613,Gris Wakeham,506.494.751-91,13/10/1994,06921-45,false,false,false,true
614,Norrie Longfut,389.190.808-87,22/04/1991,23775-46,false,true,false,true
615,Feliza Dunbobin,533.102.760-31,01/10/1971,95611-49,false,true,false,false
616,Baryram Frohock,405.413.080-81,01/04/1996,99369-45,true,false,false,false
617,Elinor Haselwood,094.263.453-98,08/04/1986,04311-62,true,false,false,true
618,Caril Halhead,807.023.088-24,07/01/1951,51111-17,false,false,true,false
619,Gustaf Roff,152.661.025-85,07/02/1984,40186-67,false,false,false,true
620,Allyson Bampkin,093.772.761-50,01/02/1978,37449-98,true,true,true,false
621,Randi Ockwell,968.629.086-82,09/12/1969,24066-38,false,false,true,false
622,Tamqrah Menhenitt,238.483.830-33,30/07/1990,28812-85,false,false,false,true
623,Devonna Wildes,752.938.734-24,29/07/1965,57203-71,true,false,true,true
624,Waldon Elcocks,909.621.381-84,03/01/1992,18757-64,false,false,true,false
625,Aldric Waggett,565.058.867-14,05/11/1965,04792-76,true,true,false,false
626,Zorah Cluse,378.685.376-92,03/02/1988,80840-85,true,false,false,false
627,Kelbee Josefson,877.689.607-23,06/12/1961,57615-58,false,true,false,false
628,Glyn Colgrave,577.835.850-36,30/09/1990,20187-03,false,true,true,true
629,Perice Lehrmann,989.284.088-08,24/05/1962,19442-89,false,false,false,false
630,Edith Pooke,515.620.547-91,08/05/1963,72857-60,false,false,false,true
631,Kayne Oakland,677.572.377-62,13/05/1961,92090-76,true,true,false,false
632,Laina Seagrove,069.417.306-54,15/02/1963,30858-23,true,false,false,false
633,Immanuel Daleman,667.396.036-49,18/02/1998,01444-66,true,true,true,false
634,Brendin Kment,496.197.016-73,01/07/1981,99049-93,true,false,false,true
635,Sebastian Cownden,504.038.669-28,10/07/1972,34857-78,false,false,true,false
636,Aila Bydaway,378.746.512-02,09/05/2000,05680-48,true,false,false,false
637,Nikola Ksandra,458.344.990-81,03/06/2003,90936-40,true,false,true,true
638,Leanor Graveney,758.442.262-10,22/01/1997,19320-13,true,false,true,false
639,Lucina Cloughton,403.189.554-60,01/02/1966,68339-05,false,true,true,false
640,Angeli McGirr,550.722.728-37,19/10/1985,22104-21,false,false,true,true
641,Kristan Somerscales,020.285.813-34,17/01/1987,19251-26,true,false,true,true
642,Valencia Curteis,849.808.203-37,17/04/1966,25400-52,true,false,true,false
643,Sylvan Klosa,543.265.498-48,26/05/1950,41052-51,false,false,true,false
644,Rustie King,009.606.640-78,01/05/1990,09246-23,true,true,true,false
645,Georgi Raitt,612.706.189-11,26/12/1990,49720-13,true,false,true,false
646,Ezmeralda Tettersell,676.820.041-09,11/12/1970,39514-53,true,false,true,true
647,Enrico Jeannenet,125.882.651-21,03/12/1979,72501-85,true,false,true,true
648,Doris Lys,832.690.320-47,17/03/1993,35475-02,true,true,true,false
649,Robers Mateus,878.501.728-20,20/10/1980,87612-53,false,true,false,false
650,Thorstein Caistor,890.126.540-52,01/04/1981,46511-28,true,true,false,false
651,Rafaello Glasgow,059.411.080-89,21/07/1989,39478-71,false,true,false,false
652,Barbey Simenon,938.862.098-43,05/08/1991,59081-73,false,false,false,true
653,Fiona Everly,234.316.212-97,11/06/1992,60329-74,true,true,false,true
654,Alvy Strongman,913.638.719-96,22/05/2003,53842-94,true,true,true,true
655,Reynard Gethen,258.466.535-25,02/06/1978,75406-35,false,false,true,false
656,Leisha Whitwood,731.947.420-11,05/07/1950,61606-30,false,true,false,false
657,Clarence Showell,809.195.812-38,21/11/1953,30032-41,false,true,true,true
658,Jennica Hanby,937.300.953-90,02/01/1959,65785-77,true,false,false,false
659,Salem Marcq,168.622.075-45,24/09/1951,93968-68,false,true,true,false
660,Claire Dreher,502.921.710-29,29/09/1965,15591-51,false,false,false,false
661,Morton Flag,844.904.160-78,13/10/1957,44031-87,false,false,false,true
662,Fax Andreoletti,697.529.517-43,30/10/1959,18249-87,false,true,false,false
663,Giavani Sumner,016.215.282-89,29/06/1990,47789-92,false,true,true,true
664,Sella Maybey,382.459.112-13,06/11/1964,65752-47,false,false,false,true
665,Ranee Persse,360.235.850-24,29/11/1982,71524-43,false,false,false,false
666,Eden Tixall,681.746.808-89,10/01/1972,37893-60,false,false,true,false
667,Gabriele Melhuish,702.278.088-02,07/07/1965,50346-56,false,true,false,true
668,Cart De Laspee,767.319.519-28,27/04/2003,99580-81,false,false,false,false
669,Maximilianus Conen,317.848.652-89,10/04/2000,25701-55,false,false,false,true
670,Elias Doust,875.258.552-38,02/12/1995,05613-87,false,true,false,true
671,Dalli Besantie,742.046.990-88,18/05/1986,10757-13,true,false,true,false
672,Gilbertina Hryncewicz,298.633.046-86,12/09/1975,03386-63,false,false,false,false
673,Frazer Greenstock,888.539.614-05,06/12/1966,19226-93,false,true,false,false
674,Rina Odeson,896.322.360-06,16/03/1964,32198-77,true,true,false,true
675,Tybie Mazonowicz,976.763.729-98,21/10/1950,64722-63,true,false,false,true
676,Aldrich Impleton,269.994.032-20,04/06/1958,16480-13,false,false,false,false
677,Leola Parmley,724.923.044-50,29/06/1975,02539-00,true,false,true,false
678,Vinny Delf,388.252.458-84,10/06/1999,68975-60,true,false,false,true
679,Poul Fermin,107.384.120-20,15/10/1966,32622-30,true,true,true,true
680,Crissie Alvin,048.651.865-36,23/05/1977,70752-26,false,true,false,true
681,Rebecka Bidgood,080.003.629-24,28/07/1963,20635-46,false,true,true,false
682,Pascale Soans,390.372.420-15,17/11/1991,91029-82,true,false,false,false
683,Noelani Gianni,512.992.647-82,29/01/1987,27561-39,true,false,false,false
684,Georgeta Mattevi,254.000.034-45,25/12/1991,31696-05,false,true,true,true
685,Maddie Mousby,444.784.839-49,03/05/1960,59236-14,false,false,true,true
686,Kenneth Lifton,010.394.762-56,23/05/2003,64817-16,true,false,false,false
687,Lorraine Drescher,571.168.481-38,09/04/1967,40619-15,false,false,true,false
688,Kynthia Thorrington,873.242.707-94,25/07/1988,10842-20,false,false,true,false
689,Hedi Elmar,730.338.238-94,20/01/1971,84441-75,false,false,true,true
690,Bentlee Nowak,967.581.815-81,05/03/1954,54923-15,false,true,false,false
691,Alaster Filisov,710.273.094-55,30/06/1962,08793-80,false,true,false,true
692,Garry Pepall,662.031.956-85,19/08/1974,76953-92,false,false,true,true
693,Rowena Wardington,642.607.899-57,25/07/1988,63398-62,false,true,true,false
694,Danette Mielnik,433.757.055-68,27/06/1984,92721-71,false,false,false,true
695,Ario Berzins,814.175.998-89,28/04/1996,35612-66,false,true,false,true
696,Merna Brinkley,723.316.486-60,26/01/1978,76126-71,false,false,false,false
697,Winnie Plewman,637.831.935-17,30/06/1952,78747-94,false,false,true,false
698,Fedora Rundall,071.268.194-81,24/03/2003,64073-35,false,true,true,false
699,Irma Misk,603.643.252-65,22/08/1978,63094-07,false,false,true,true
700,Jamey Riccelli,413.901.578-00,17/11/1985,07257-05,true,true,false,false
701,Steffi Mahon,085.041.695-60,12/10/1972,17997-73,true,true,false,false
702,Krista Dmtrovic,420.551.643-84,16/03/1992,31506-00,false,false,false,false
703,Colette Horry,718.777.978-81,28/06/1991,46692-67,false,true,false,false
704,Alf Kilpatrick,035.818.528-25,05/12/1986,51601-22,false,true,false,false
705,Shayne Putman,993.260.682-11,22/12/1988,06090-45,true,true,true,false
706,Rebbecca FitzAlan,241.494.742-98,20/11/1984,14498-44,false,false,true,false
707,Jeffrey Kochlin,396.046.081-97,20/06/1962,13204-07,false,true,false,false
708,Arv Howey,616.480.572-22,03/10/1976,07233-42,true,true,false,false
709,Fowler Dilks,032.898.272-39,02/05/2003,48616-53,false,true,true,true
710,Jandy Rouff,563.759.922-65,26/02/1970,78549-97,false,false,true,false
711,Benetta Domesday,997.045.716-60,02/09/1997,46185-79,false,true,true,true
712,Nonna Janson,121.278.966-49,13/08/1979,27107-34,true,false,false,false
713,Jessie Campe,304.837.612-01,30/11/1965,53055-93,true,false,false,true
714,Greggory Ygou,033.598.105-34,26/09/1971,15912-19,false,true,false,false
715,Devland Scrowston,918.467.594-92,05/02/1967,27835-39,true,false,false,true
716,Niven Wardington,265.737.696-09,14/01/1956,68165-89,false,false,false,false
717,Archambault Kilgour,708.055.461-36,28/04/1962,27760-36,true,true,false,false
718,Stoddard Guerner,340.772.381-62,12/02/1981,76950-65,true,false,false,false
719,Gilburt Rawstorn,105.476.646-10,24/01/1967,76135-63,false,true,false,false
720,Graeme deKnevet,611.666.976-92,21/03/1975,36325-45,false,true,false,true
721,Prudi Vennard,144.476.736-12,02/07/2000,36333-91,true,true,true,false
722,Hebert Percifull,773.614.375-29,10/08/1996,55382-51,false,false,false,true
723,Carmelia Sedgmond,291.853.553-99,29/11/1957,38445-95,true,false,false,false
724,Lorri Agar,605.016.003-21,08/08/1970,05850-06,true,true,false,true
725,Dillie Deme,716.721.720-50,01/06/1975,39975-26,true,false,true,true
726,Timoteo Iannuzzi,206.987.958-67,09/11/1955,21010-83,false,false,true,false
727,Salmon Cokayne,361.031.039-30,24/06/1994,56956-03,true,true,true,true
728,Jaclyn Cortin,907.559.436-09,09/10/1981,96882-49,true,true,false,true
729,Dennison Leacock,882.952.237-32,05/04/1995,26051-32,false,false,false,false
730,Mill Lacaze,452.267.966-54,04/10/1974,24046-61,true,true,false,true
731,Udell Learoyd,607.160.676-53,17/04/1993,84333-31,false,true,true,false
732,Joellen Guerrin,612.957.355-02,02/03/1991,66177-22,false,true,false,false
733,Neysa Burree,114.072.014-78,13/10/1973,18086-55,false,true,false,true
734,Yoko Ellison,251.415.857-97,23/09/1961,61013-70,false,true,true,false
735,Steven Bustin,111.561.508-96,23/02/1971,09189-60,false,false,false,true
736,Carmina Ioselevich,177.148.784-42,30/11/1996,71005-20,false,true,false,false
737,Kimberly Di Ruggero,458.083.002-53,16/04/1956,71928-92,false,false,false,true
738,Sapphire Berth,346.715.198-72,16/02/1951,32251-90,true,false,false,true
739,Maxie Briscam,313.169.233-11,30/03/1972,91100-10,false,false,true,true
740,Ambrosius Vedekhin,324.406.838-69,15/09/2000,35116-00,true,true,true,false
741,Eilis Yarker,594.158.905-62,18/07/1984,31342-71,true,false,false,false
742,Alia Almak,831.879.851-62,03/12/1973,06125-19,false,false,true,true
743,Corbie Stollwerck,810.924.184-02,03/01/1980,40195-16,true,true,false,true
744,Gualterio Jiruca,272.862.328-86,03/02/1983,27184-70,true,true,true,false
745,Yance Mawne,423.465.675-72,16/06/1980,11065-34,false,false,false,false
746,Yule Campion,920.306.839-00,06/04/1982,61771-05,false,true,false,false
747,Betty Brimacombe,391.698.731-63,10/09/1967,16150-02,false,true,false,true
748,Luigi Swindlehurst,378.268.537-67,17/07/1999,49507-59,false,false,true,false
749,Jenda MacRedmond,407.447.983-39,24/07/1990,11641-02,true,true,true,false
750,Dione Stanborough,451.864.966-34,24/04/1950,85913-61,false,false,true,true
751,Isidro Spearett,557.470.354-39,11/07/1996,17278-44,false,true,false,false
752,Erna Collum,204.682.910-37,13/06/2002,14535-76,false,false,true,true
753,Florenza Dimont,197.152.233-54,22/12/1971,33820-91,false,true,false,true
754,Mariejeanne Carleton,153.580.457-39,16/12/1973,58940-51,true,true,false,false
755,Belva Kemmer,011.596.771-14,03/06/1985,00280-46,false,true,true,false
756,Allis Chivers,393.180.206-37,28/06/1978,39062-58,false,false,true,true
757,Blakeley Parken,453.482.892-94,21/06/1996,34204-36,false,false,false,true
758,Roxanna Mallalieu,691.591.239-45,06/12/1998,31591-67,false,true,false,false
759,Jamie Schermick,630.486.546-16,16/02/1954,64638-51,false,true,true,true
760,Jesus Buddle,515.490.806-95,02/05/1998,31028-89,true,false,false,false
761,Amil Aguirre,670.428.302-48,06/03/1992,72845-63,true,true,false,true
762,Asa Dolan,443.360.278-37,31/12/1957,93626-93,false,true,true,true
763,Kariotta Dibnah,800.206.329-15,18/01/1994,09883-54,true,false,true,false
764,Frannie Coggon,230.571.809-76,30/12/1963,95848-40,false,true,false,true
765,Anton Twidle,839.314.352-46,29/05/1979,89959-31,true,true,false,false
766,Peder Boumphrey,021.230.731-72,30/11/1989,38693-46,false,false,true,false
767,Brook Sarfass,643.539.500-52,11/11/1966,53982-33,false,false,true,true
768,Ernaline Kelby,612.275.098-38,24/06/1980,15009-10,true,false,false,true
769,Eddie Drable,729.684.529-56,25/01/1950,06563-04,false,true,true,true
770,Libbie Burkinshaw,098.813.515-22,17/06/1971,65046-23,false,true,true,true
771,Myranda Lange,110.812.075-29,25/02/1951,42181-06,false,true,false,true
772,Amerigo Lethley,167.411.491-23,30/05/1963,96263-91,false,true,true,true
773,Leigha Skoof,155.879.800-27,05/02/1960,03494-26,false,true,false,false
774,Beau Gamblin,111.872.985-86,18/11/1969,68319-50,true,true,false,true
775,Meredeth Baistow,717.395.990-69,30/05/1951,35743-84,true,true,true,true
776,Rosaline Mainson,016.032.059-28,13/05/1960,90002-28,false,false,false,true
777,Ethel Windybank,221.876.262-04,29/09/1992,22903-50,true,true,false,false
778,Keith Newrick,053.290.084-15,09/09/1964,90490-38,false,false,false,true
779,Grant Risson,691.965.547-78,22/02/1988,33714-27,true,true,false,false
780,Sonja Rielly,549.101.605-08,07/01/1995,47430-99,false,false,false,false
781,Any Denisot,574.415.929-93,01/08/1976,42956-86,false,true,true,true
782,Berenice Sandars,344.125.357-93,10/02/1974,88743-65,true,true,true,true
783,Marabel Bernardos,284.692.808-91,23/12/1986,69188-86,true,true,false,false
784,Joanna Grantham,475.520.895-33,08/04/1996,59509-29,true,true,false,true
785,Janeva Dixie,091.210.621-02,02/06/1986,48652-43,true,true,false,true
786,Garold Exton,293.589.844-60,07/01/1962,26428-66,false,true,true,false
787,Bree Feek,571.577.476-22,01/06/1977,01813-94,false,false,false,false
788,Silas Flisher,879.965.758-00,18/04/1969,24981-76,true,true,false,false
789,Roslyn Paten,602.945.204-11,05/04/1993,63819-17,true,false,false,true
790,Kellia Caulcott,441.400.095-57,12/07/1954,96693-04,false,false,false,true
791,Joann Shakshaft,702.132.111-77,11/01/1964,79103-17,false,true,true,true
792,Ede Cobley,879.436.507-60,03/04/1986,08997-95,true,false,true,false
793,Natalee Harkes,863.774.491-06,19/02/1973,28385-47,false,true,true,false
794,Myrah Camier,791.444.833-29,05/03/1969,86353-99,true,true,false,false
795,Prissie Wescott,106.361.712-03,18/07/1956,09861-04,true,false,false,true
796,Priscella Velti,838.515.565-07,26/11/1952,08026-22,false,false,true,true
797,Amory Arman,644.303.028-68,26/03/1954,62524-40,true,true,true,true
798,Darrelle Brodnecke,577.456.818-23,31/03/1954,32001-10,false,true,true,false
799,Engelbert Hassen,718.197.293-54,02/07/1996,01009-86,false,false,false,false
800,Jeno Elcome,412.942.772-48,02/10/1964,45576-02,true,true,true,true
801,Roland Licciardiello,250.560.413-15,10/05/1997,34933-16,true,true,false,true
802,Hendrik MacKey,300.631.926-09,19/09/1971,28447-24,false,false,true,false
803,Tyler Francisco,370.216.539-22,31/03/1995,35500-02,false,true,true,false
804,Valeda Newling,731.258.503-97,12/04/1976,92584-22,false,false,true,true
805,Ashlee Sherwyn,750.492.909-02,05/09/2002,74277-37,false,false,true,true
806,Harli Bartali,606.135.945-31,28/03/1990,40480-90,true,false,false,false
807,Shelley Shire,112.086.758-40,06/07/1997,74315-53,true,true,true,true
808,Alysia Frandsen,130.907.102-36,03/09/1983,95315-30,true,true,true,true
809,Lisbeth Diggles,005.464.886-95,03/12/1965,87973-69,false,true,true,false
810,Lynsey Yegorkov,676.572.813-40,09/08/1963,27824-79,false,false,false,false
811,Alleyn Kilbourn,439.576.326-36,18/07/1956,50421-11,false,true,false,false
812,Valentin Mote,102.163.163-09,24/05/1969,44695-87,false,false,false,false
813,Parker Stevenson,625.991.562-25,05/07/1953,27905-71,true,true,false,false
814,Corilla Hinchshaw,562.966.411-68,16/06/1997,86154-91,false,true,false,false
815,Doti Daniell,779.700.014-12,17/07/1999,55489-09,true,true,false,true
816,Cicily Sommerland,623.808.961-90,23/07/1991,57200-84,true,true,false,true
817,Wells Thorneloe,005.677.546-81,13/11/1958,05320-80,false,true,false,true
818,Carola Wones,404.160.293-38,07/11/1981,53714-09,true,true,true,false
819,Worth Iacomini,570.147.026-33,24/11/1960,57039-05,false,true,true,true
820,Haven Jovey,962.550.697-97,23/01/1953,37952-33,false,true,true,true
821,Welbie Boulger,715.573.076-97,15/10/1957,70371-22,false,false,false,false
822,Kaleena Wishkar,129.030.962-51,25/07/1993,51311-27,true,true,true,false
823,Stavro Cella,643.899.776-24,02/06/1973,08192-92,true,true,false,true
824,Courtnay Lasslett,745.122.050-90,22/07/1998,82175-35,true,true,true,true
825,Elwood Putman,187.613.624-97,17/09/1993,46098-69,true,false,false,false
826,Davin Wythe,317.760.289-67,26/08/1988,47175-81,true,true,false,false
827,Robby Huey,812.008.561-69,26/03/1973,83133-94,false,true,true,false
828,Willis Molines,455.821.979-11,30/07/1981,03033-73,true,false,false,true
829,Cassius Hampson,800.110.147-86,08/02/1975,70781-51,false,true,false,true
830,Cheston Beden,519.549.902-38,07/09/1963,56108-93,true,false,false,true
831,Meredith Sterrick,123.638.767-13,17/06/1994,93218-88,false,true,true,false
832,Nadia Cristobal,515.254.339-94,17/01/1966,07766-72,false,false,false,true
833,Paton Riply,281.561.699-26,01/05/1987,27472-77,true,false,true,true
834,Yalonda Threlkeld,724.081.440-78,20/06/2003,05573-21,true,false,true,false
835,Jilli Stopforth,541.579.995-45,20/08/1963,16679-39,true,false,true,true
836,Kissee Bamlet,339.040.478-71,24/11/1957,78973-51,true,false,true,false
837,Albertine Humpherston,065.952.017-56,01/07/1981,58130-82,true,false,true,true
838,Lonnie Carsey,037.603.249-98,06/08/1979,65908-59,true,false,true,true
839,Padraig Hammor,752.866.689-42,07/10/1974,13481-59,true,false,true,false
840,Heda Stenbridge,437.031.302-06,19/03/1977,36344-96,false,false,false,true
841,Farr Gauvin,553.402.844-34,17/11/1952,14475-86,true,false,true,false
842,Hailey Silman,025.429.113-35,09/07/1963,70462-91,true,true,true,false
843,Roseanne Yeude,422.285.483-08,14/05/1977,09172-47,false,false,true,false
844,Connie Petrus,511.679.326-03,03/04/1974,39467-55,false,false,true,false
845,Violet Barts,227.552.868-66,21/09/1956,65731-33,false,true,false,false
846,Bronny MacRinn,209.829.176-42,18/06/1968,27350-26,true,true,true,true
847,Annabel Spyvye,727.892.883-21,09/08/1989,74543-92,true,false,false,true
848,Lorette Strangeways,980.688.380-66,25/11/1969,00991-62,true,false,false,false
849,Libbie Cato,491.171.205-76,14/05/1960,22621-19,true,true,true,false
850,Derrik Pic,947.544.475-44,06/03/1996,73859-78,false,false,false,false
851,Gherardo Dyas,076.384.377-64,30/03/1969,75759-85,true,true,true,true
852,Byrom Luthwood,171.918.059-55,31/08/1981,25982-08,false,true,false,true
853,Sallee Dikle,046.802.433-25,28/04/1991,85156-52,false,true,false,true
854,Korney Ody,334.966.976-52,09/05/2001,09936-95,true,true,false,false
855,Jesselyn Ireson,312.252.687-45,25/02/1969,44858-27,true,true,true,true
856,Myrvyn Berthomieu,376.442.262-45,14/10/1987,20223-04,false,false,true,false
857,Graehme Marquess,054.493.026-14,29/10/1965,47461-39,true,false,true,true
858,Lurette Wims,759.237.709-96,13/05/1981,54398-26,true,false,false,false
859,Lowell Milbank,552.395.380-19,24/02/1964,47896-36,false,false,true,true
860,Danica Stonman,017.327.519-01,23/12/1975,83508-35,false,true,true,false
861,Dedra Ticksall,906.495.521-84,24/08/1960,31586-34,true,false,true,false
862,Kendrick Hakewell,398.271.050-59,18/06/1956,16755-39,true,true,true,false
863,Ruperto Angood,548.788.837-75,03/10/1995,22612-27,false,true,false,false
864,Audi Braben,370.862.390-15,18/06/1986,16459-12,false,true,false,false
865,Jared Assel,854.138.344-22,01/01/1966,72529-22,true,true,false,true
866,Rhys Mitkov,760.841.426-60,27/08/1963,59860-39,true,false,false,false
867,Linnie McSaul,989.339.013-46,01/02/1976,07036-52,false,false,true,false
868,Angeli Mateev,962.365.256-92,14/06/1997,77814-30,false,true,false,true
869,Rodie Pochet,787.509.718-84,01/07/1964,02116-67,true,true,true,false
870,Auria Burfield,072.318.340-99,20/07/1975,82299-65,false,true,true,false
871,Derk Sailor,280.229.032-76,26/05/1993,39957-43,false,true,true,false
872,Lenee Baniard,273.645.663-80,30/11/1997,44184-06,false,true,true,false
873,Steffen Grover,942.556.637-57,25/07/1958,34432-89,false,true,true,true
874,Mayer Pullman,953.974.633-54,02/05/1964,99344-43,false,true,false,true
875,Lanita Worpole,186.669.834-89,05/08/2000,54291-65,true,false,true,true
876,Keene Pessolt,551.614.573-39,05/01/1959,72137-01,false,true,true,false
877,Rosamond O'Cahsedy,355.817.668-31,24/10/1994,55853-99,false,true,true,false
878,Inger Francesconi,739.113.263-44,24/01/1958,84279-60,false,true,false,true
879,Keen Houseman,437.628.569-09,14/05/1975,20592-31,false,true,false,false
880,Portie Newis,798.605.648-04,30/12/1962,52877-69,false,true,false,false
881,Bree Plevey,335.871.066-00,19/10/1985,77218-91,false,true,true,true
882,Pernell Allwright,415.919.448-11,05/03/1956,82442-71,true,true,false,true
883,Lari Crut,536.970.987-59,05/10/1971,31384-84,true,true,true,false
884,Araldo Binch,724.287.541-06,21/03/1972,86630-09,true,false,false,true
885,Gabby Snelson,698.579.081-26,17/07/1967,77802-10,true,false,true,true
886,Austina Gravells,248.462.405-90,29/12/1953,08353-78,false,true,false,false
887,Garland Doerr,813.637.351-39,27/12/1971,67530-05,false,false,true,false
888,Engracia Joinson,623.549.475-06,24/07/1952,65457-52,false,false,true,false
889,Valentia Mithun,950.978.752-86,07/04/2001,98459-11,false,true,false,false
890,Moyna Neissen,675.653.935-37,12/08/1999,38801-52,false,true,true,false
891,Fallon Shoveller,180.009.839-01,20/12/1970,47137-08,false,false,false,true
892,Saleem Vardey,357.993.830-09,24/09/1995,81285-28,false,true,true,true
893,Granny Petry,560.900.293-81,14/10/1986,02929-07,true,false,false,false
894,Ilise Thornborrow,143.514.254-96,16/08/2000,70926-83,false,true,true,true
895,Elisabeth Chapman,875.453.235-42,20/05/1995,94449-36,true,false,true,true
896,Anatola Halladey,969.835.838-10,20/06/2001,68556-00,true,true,false,false
897,Nap Singh,142.448.453-83,10/12/1951,75156-35,true,true,true,true
898,Everard Alentyev,898.721.622-37,18/09/1960,79294-07,true,true,false,false
899,Sibley Spiteri,548.969.629-26,29/04/1964,90810-82,false,false,true,true
900,Jim Hurren,787.706.467-39,26/12/1979,21920-00,false,false,true,false
901,Mile Goddard,815.209.913-20,05/07/2001,64805-24,true,true,false,false
902,Car Webborn,461.809.786-00,08/01/1958,84425-65,true,false,true,false
903,Page Salmon,375.454.268-77,22/04/1997,86436-38,true,false,true,true
904,Alair Ramet,995.393.774-39,01/06/1970,58680-98,true,false,false,true
905,Giuseppe Mila,418.180.433-65,03/11/1986,04302-46,false,false,false,true
906,Rockie Truter,492.831.362-56,04/07/1972,72105-08,false,false,false,true
907,Mignon Naisbet,740.990.603-59,27/05/1977,56613-27,false,false,false,false
908,Kerk Ledwich,174.069.277-14,18/01/2003,02790-06,false,true,true,false
909,Garry Creelman,850.254.525-20,21/06/1961,58942-96,false,true,false,false
910,Kai Loren,530.989.476-39,19/07/1951,84868-19,true,false,false,false
911,Mord Brittin,915.121.547-36,08/12/1997,79571-83,true,false,true,true
912,Cleo Bercevelo,270.739.699-11,23/03/1999,36152-15,true,true,false,false
913,Brana O' Flaherty,121.821.231-43,01/08/1966,78866-92,false,false,false,false
914,Linnie Mildenhall,835.090.147-30,21/04/1953,75273-14,true,true,false,true
915,Halsy Piel,403.131.386-53,01/05/1954,29492-68,false,true,true,true
916,Car McBeith,247.335.925-15,19/09/1974,41940-05,true,false,false,false
917,Sawyer Dymick,803.975.926-09,23/06/2003,47795-10,false,true,true,true
918,Kathleen Harley,404.020.243-71,23/06/1995,36102-09,true,true,false,false
919,Iolanthe Coker,902.392.513-36,03/01/1955,62167-82,true,false,true,true
920,Tabitha Adshad,654.368.198-05,25/10/1980,32104-41,true,false,false,true
921,Krystle Del Castello,446.836.794-94,05/12/1955,26311-53,false,false,true,true
922,Rosabelle Airton,102.394.839-16,10/01/1959,13351-35,false,true,true,false
923,Gabie Hodge,277.621.202-26,26/11/1997,49374-39,true,true,false,false
924,Minta Paumier,719.370.216-78,06/10/1978,90881-99,true,false,false,true
925,Llewellyn Rought,062.232.889-93,01/11/1950,85968-09,true,true,false,false
926,Joe Jelks,841.544.943-12,08/03/1953,92383-57,false,false,false,false
927,Alice Guyot,829.009.924-13,31/10/1974,55873-18,true,false,true,false
928,Shena Arnaud,537.688.914-12,21/11/1994,24756-13,false,false,false,false
929,Nanete Hupe,037.705.513-02,21/01/1961,76864-96,false,false,true,true
930,Annabela Lambis,538.165.648-48,31/05/1995,57609-18,true,true,true,false
931,Jenelle Deighton,968.985.129-43,03/02/1976,23345-48,false,true,true,true
932,Cindelyn Philliskirk,291.331.269-46,22/08/1968,39131-63,false,true,false,true
933,Farr Galbraith,094.643.368-68,25/07/1994,27516-64,false,true,false,true
934,Janeva Ordemann,598.728.716-20,13/01/1964,31909-91,false,false,false,true
935,Dulcia Andreolli,803.465.611-88,12/01/1971,06289-59,false,false,true,false
936,Zena Cadd,045.316.562-86,14/04/1969,33469-32,false,true,false,false
937,Verge Gietz,712.886.099-66,23/06/1996,64691-34,true,false,true,false
938,Griff Webland,068.723.113-73,15/02/1978,34496-56,false,false,true,true
939,Bonny Bille,069.988.803-01,15/05/1965,08287-92,false,false,true,true
940,Jakob Davids,997.749.047-79,03/04/1952,40709-84,true,true,false,false
941,Kristoffer Curtoys,444.018.958-33,23/07/1983,39406-49,true,false,true,false
942,Aleda Sherwell,863.253.763-74,10/08/1984,46084-48,false,false,true,false
943,Katlin McInnes,554.956.325-55,24/12/1964,13488-15,true,true,false,true
944,Morgen Fintoph,588.502.303-38,21/06/1962,66844-27,true,true,false,false
945,Eddie Gateshill,747.147.033-00,12/10/1987,55090-93,false,true,false,true
946,Delmar Avramovic,782.186.322-31,31/03/1976,00309-01,true,true,true,true
947,Mary Brocks,166.218.868-99,31/01/1980,19416-65,false,true,false,false
948,Shae Kitter,081.287.710-29,21/08/1984,09255-62,false,true,true,true
949,Caryl Fernez,606.769.757-61,10/12/1996,01453-82,false,false,true,true
950,Vinnie Cawson,737.530.847-76,24/05/1983,23440-28,false,false,false,false
951,Sandra Ogles,449.191.437-91,01/08/1986,78671-00,true,false,true,true
952,Wallis Phythean,801.077.331-39,29/03/1963,10718-83,false,false,false,true
953,Laurette Copplestone,976.887.526-87,17/08/2001,74777-36,true,false,false,false
954,Zacharia Cunnell,758.183.611-35,20/04/1960,36861-29,true,true,false,true
955,Dorey Drance,929.685.136-93,27/06/1990,11073-73,false,false,true,false
956,Farleigh Cotte,646.527.561-06,28/08/1979,88644-49,true,true,false,true
957,Adam Mearing,137.846.629-08,15/01/1987,39242-24,false,true,false,true
958,Lucia Coneau,995.398.960-63,24/03/1977,93026-09,true,false,false,true
959,Aldo Petrescu,020.133.686-68,20/12/1982,94567-59,false,false,false,true
960,Georgie Pinfold,811.949.040-44,17/03/2000,89850-87,false,false,true,false
961,Coriss Gibbon,204.738.962-53,28/10/1992,02303-94,true,true,true,true
962,Deeyn Risbridger,728.533.229-53,13/12/1985,87045-19,true,true,true,false
963,Sarajane McTerrelly,768.333.975-48,15/01/1968,62789-93,true,false,true,false
964,Beaufort Muffitt,878.188.099-38,30/11/1950,65349-92,false,false,true,false
965,Gardiner Quibell,448.221.431-39,28/11/1995,79637-28,false,false,false,true
966,Howie Daintier,140.597.549-66,10/06/1951,76132-00,false,false,false,true
967,Tedmund Vasilevich,445.623.058-69,13/06/1955,66881-29,false,true,true,true
968,Lolita Steer,724.628.944-43,20/08/1993,34599-81,true,true,false,true
969,Trumann Havesides,101.612.606-79,19/09/1988,16879-09,true,true,false,true
970,Nannette Brehat,337.786.017-69,17/06/1976,68414-43,false,false,true,false
971,Emerson Vaissiere,325.822.475-58,07/03/1961,65972-80,false,true,false,false
972,Dotti Bemand,533.956.519-42,14/12/1991,46449-52,false,true,true,false
973,Eustacia Golbourn,202.792.803-27,26/03/1993,90837-72,false,true,false,false
974,Grady Dyer,869.441.013-32,13/07/1958,98650-71,false,true,true,false
975,Cesya Brundale,599.135.616-20,31/03/1951,83953-17,true,true,false,false
976,Rafi Wilsher,866.513.465-16,02/04/1967,24455-43,false,false,true,false
977,Myrwyn Zamora,484.297.835-43,21/02/1983,15384-90,false,false,false,false
978,Glennis Junkin,706.670.850-37,16/02/1991,44198-22,true,false,false,false
979,Idalia Strond,011.839.039-99,09/08/1969,76288-79,true,false,true,true
980,Greer Primarolo,855.584.351-83,18/02/1978,07202-96,true,true,false,true
981,Melva Thomson,777.384.301-80,28/12/1952,85563-72,true,false,false,false
982,Iorgos MacKimm,664.531.079-65,20/11/1962,10378-22,true,true,true,true
983,Irita Badcock,427.320.980-03,02/08/1977,68595-03,false,false,false,false
984,Husain Marjanski,366.566.811-76,09/02/1981,29425-23,false,true,false,true
985,Juliann McCurdy,230.972.003-97,29/06/1991,05688-07,true,false,true,true
986,Ken Arrington,202.522.768-84,14/05/1989,31041-53,false,false,true,false
987,Lilith Liptrot,425.460.630-04,11/01/1994,12425-77,true,false,true,false
988,Bobbi Dibbert,716.908.246-83,17/08/1994,78216-26,false,true,false,true
989,Sandye Vondrys,211.081.150-40,09/12/1967,25792-48,true,true,true,true
990,Liesa Milverton,610.922.492-62,06/06/1980,84788-78,false,true,false,false
991,Wenonah Moncreiff,270.202.088-82,17/04/1955,70956-13,false,false,true,false
992,Delilah Bright,583.057.518-22,28/03/1999,59312-87,true,false,false,false
993,Guthrie Ouldcott,927.077.845-36,27/05/1977,56096-02,false,false,true,false
994,Heidie Stubs,041.205.271-79,03/10/1998,99818-13,true,true,true,true
995,Felisha Beinisch,356.103.999-37,02/02/1952,93516-59,false,true,true,false
996,Rodrick Chislett,682.500.028-36,10/09/1951,88439-31,false,true,false,false
997,Madella Rylands,523.205.712-80,14/01/1985,79598-21,true,true,true,false
998,Lidia Johnston,056.118.010-82,09/06/1974,75054-74,false,true,true,false
999,Nehemiah Gierck,608.631.995-56,29/02/1988,83987-95,true,true,true,true
1000,Ephrayim Wahlberg,994.683.838-33,13/02/2002,50247-04,false,false,true,true
